Workbook

Sheet EY Ireland PPM Planner 2025
B2: Archived Asset
A3: Site Information | B3: Site Information | C3: PM Task Generation | H3: Asset Information | I3: Task Allocation | J3: Contractor | K3: Managed By | L3: ISS Checklist (Y/N) | M3: Purchase Order | N3: 2024 Cost | O3: 2025 Cost | P3: Percentage Increase | Q3: Yearly Schedule | AC3: Comments
C4: Maintenance Plan Description | D4: Non-Stat | E4: Stat | F4: Non Stat | G4: Stat | Q4: Jan | R4: Feb | S4: Mar | T4: Apr | U4: May | V4: Jun | W4: Jul | X4: Aug | Y4: Sep | Z4: Oct | AA4: Nov | AB4: Dec
A5: Site | B5: Building | D5: Frequencies | E5: Frequencies | F5: Requires Doc | G5: Requires Doc | H5: Name | I5: Work Group | J5: Vendor | Q5: 2025 | R5: 2025 | S5: 2025 | T5: 2025 | U5: 2025 | V5: 2025 | W5: 2025 | X5: 2025 | Y5: 2025 | Z5: 2025 | AA5: 2025 | AB5: 2025
A6: Waterford | B6: The Atrium | C6: BS-R-IE002-54.03-May-1 | E6: 6M | G6: 6M | H6: 54.03:Split Systems / Heatpumps | I6: Waterford - M&E PPM's | J6: Burlington | K6: Burlington | M6: TBC | N6: 744.48 | O6: 960 | U6: 6M - Done | AA6: 6M- Done
A7: Waterford | B7: The Atrium | C7: BS-R-IE002-54.03-May-1 | H7: UK-WFTA-FL01-SHP-54.03-AC Indoor Unit Fan Coils
A8: Waterford | B8: The Atrium | C8: BS-R-IE002-54.03-May-1 | H8: UK-WFTA-FL01-SHP-54.03-AC Split Wall Cassette
A9: Waterford | B9: The Atrium | C9: BS-R-IE002-54.03-May-2 | E9: 6M | G9: 6M | H9: 54.03:Condensers Air Cooled | I9: Waterford - M&E PPM's | J9: Burlington | K9: Burlington | M9: TBC | N9: 744.48 | O9: ref line 11 | U9: 6M - Done | AA9: 6M- Done
A10: Waterford | B10: The Atrium | C10: BS-R-IE002-54.03-May-2 | H10: UK-WFTA-ROF-CAC-54.03-AC Condenser 1
A11: Waterford | B11: The Atrium | C11: BS-R-IE002-54.03-May-2 | H11: UK-WFTA-ROF-CAC-54.03-AC Condenser 2
A12: Waterford | B12: The Atrium | C12: BS-R-IE002-54.03-May-2 | H12: UK-WFTA-ROF-CAC-54.03-AC Condenser Comms Room
A13: Waterford | B13: The Atrium | C13: BS-R-IE002-95.12-Dec-1 | H13: UK-WFTA-FL01-WHE-95.12-Water Heater-002
A14: Waterford | B14: The Atrium | C14: BS-R-IE002-95.12-Dec-1 | H14: UK-WFTA-FL01-WHE-95.12-Water Heater-003
A15: Waterford | B15: The Atrium | C15: BS-R-IE002-95.12-Dec-1 | H15: UK-WFTA-FL01-WHE-95.12-Water Heater-004
A16: Waterford | B16: The Atrium | C16: BS-R-IE002-95.12-Dec-1 | H16: UK-WFTA-FL01-WHE-95.12-Water Heater-005
A17: Waterford | B17: The Atrium | C17: BS-R-IE002-95.12-Dec-1 | H17: UK-WFTA-FL01-WHE-95.12-Water Heater-007
A18: Waterford | B18: The Atrium | C18: BS-R-IE002-95.12-Dec-1 | H18: UK-WFTA-FL01-WHE-95.12-Water Heater-001
A19: Waterford | B19: The Atrium | C19: BS-R-IE002-95.12-Dec-1 | H19: UK-WFTA-FL01-WHE-95.12-Water Heater-006
A20: Waterford | B20: The Atrium | C20: BS-R-IE002-51.01-Mar-1 | E20: 3M | H20: 51.01:Showers | I20: Waterford - M&E PPM's | J20: Burlington | K20: Burlington | L20: N | M20: N/A | N20: 0 | O20: 0 | Q20: 3M | T20: 3M - Done | W20: 3M - Done | Z20: 3M - Done
A21: Waterford | B21: The Atrium | C21: BS-R-IE002-51.01-Mar-1 | H21: UK-WFTA-FL01-SHO-51.01-Shower-001
A22: Waterford | B22: The Atrium | C22: BS-R-IE002-51.01-Mar-1 | H22: UK-WFTA-FL01-SHO-51.01-Shower-002
A23: Waterford | B23: The Atrium | C23: BS-R-IE002-NONSFG:DMF-Jun-1 | D23: 12M | H23: DMF:Domestic Appliances | I23: Waterford - M&E PPM's | J23: WPC Internal | K23: ISS | L23: N | M23: N/A | N23: 0 | O23: 0 | U23: 12M
A24: Waterford | B24: The Atrium | C24: BS-R-IE002-NONSFG:DMF-Jun-1 | H24: UK-WFTA-FL01-DMF-Non SFG-Dishwasher
A25: Waterford | B25: The Atrium | C25: BS-R-IE002-NONSFG:DMF-Jun-1 | H25: UK-WFTA-FL01-DMF-97.16-Microwave
A26: Waterford | B26: The Atrium | C26: BS-R-IE002-NONSFG:DMF-Jun-1 | H26: UK-WFTA-FL01-DMF-91.03-Coffee Machine
A27: Waterford | B27: The Atrium | C27: BS-R-IE002-NONSFG:DMF-Jun-1 | H27: UK-WFTA-FL01-DMF-10.02-Fridge
A28: Waterford | B28: The Atrium | C28: BE-R-IE002-88.50-Jun-1 | E28: 12M | H28: 88.50:Mechanical Filing | I28: Waterford - M&E PPM's | J28: Masters Choice | K28: ISS | M28: TBC | N28: Never Done | O28: 1600 | U28: 12M
A29: Waterford | B29: The Atrium | C29: BE-R-IE002-88.50-Jun-1 | H29: UK-WFTA-FL03-WAP-88.50-Mechanical Filing
A30: Waterford | B30: The Atrium | C30: BS-R-IE002-95.12-Dec-1 | E30: 12M | H30: 95.12:Water Heaters Packaged Electric | I30: Waterford - M&E PPM's | J30: Burlington | K30: Burlington | M30: TBC | N30: 93.06 | O30: 480 | U30: 12M - Done
A31: Waterford | B31: The Atrium | C31: BE-R-IE002-95.12-Feb-1 | H31: UK-WFTA-FL01-DWB-95.12-Zip:Drinking Water Boiler:3rd Kitchen
A32: Waterford | B32: The Atrium | C32: BE-R-IE002-95.12-Feb-1 | H32: UK-WFTA-FL01-DWB-95.12-Zip:Drinking Water Boiler:1st Canteen
A33: Waterford | B33: The Atrium | C33: BE-R-IE002-49.02-Mar-1 | D33: 12M | H33: UK-WFTA-FL01-CTV-49.02-CCTV System | I33: Waterford - M&E PPM's | J33: Q3 | K33: ISS | N33: 713.34 | O33: 80 | R33: 12M - Done
A34: Waterford | B34: The Atrium | H34: Distribution Boards (DB's) | I34: Waterford - M&E PPM's | J34: ENG LEAD | K34: ISS | R34: 12M - Done
A35: Waterford | B35: The Atrium | C35: BE-R-IE002-14.20-Jun-1 | D35: 12M | H35: 14.20:Emergency Assistance Alarms | I35: Waterford - M&E PPM's | J35: Burlington | K35: Burlington | M35: TBC | N35: 93.06 | O35: 480 | U35: 12M
A36: Waterford | B36: The Atrium | C36: BE-R-IE002-37.01-Aug-1 | E36: 3M | G36: 12M | H36: UK-WFTA-FL01-SEC-37.01-Emergency Light | I36: Waterford - M&E PPM's | J36: ENG LEAD | K36: ISS | L36: N | M36: N/A | N36: 1310.1 | O36: 0 | Q36: 3M - Done | T36: 3M - Done | W36: 12M - Done | Z36: 3M - Done
A37: Waterford | B37: The Atrium | C37: BE-R-IE002-14.20-Jun-1 | D37: 1M | H37: 14.20:Emergency Assistance Alarms | I37: Waterford - M&E PPM's | J37: WPC Internal | K37: ISS | L37: N | M37: N/A | N37: 0 | O37: 0 | Q37: 1M - Done | R37: 1M - Done | S37: 1M - Done | T37: 1M - Done | U37: 12M - Done | V37: 1M - Done | W37: 1M - Done | X37: 1M - Done | Y37: 1M - Done | Z37: 1M - Done | AA37: 1M - Done | AB37: 1M - Done
A38: Waterford | B38: The Atrium | C38: BE-R-IE002-23.17-Jun-1 | D38: 1M | H38: UK-WFTA-FL01-FDI-23.17-Fire Doors | I38: Waterford - M&E PPM's | J38: WPC Internal | K38: ISS | L38: N | M38: N/A | N38: 0 | O38: 0 | Q38: 1M - Done | R38: 1M - Done | S38: 1M - Done | T38: 1M - Done | U38: 1M - Done | V38: 1M - Done | W38: 1M - Done | X38: 1M - Done | Y38: 1M - Done | Z38: 1M - Done | AA38: 1M - Done | AB38: 1M - Done
A39: Waterford | B39: The Atrium | C39: BE-R-IE002-23.17-Jun-1 | E39: 12M | H39: UK-WFTA-FL01-FDI-23.17-Fire Doors | I39: Waterford - M&E PPM's | J39: Burlington | K39: Burlington | M39: TBC | N39: 93.06 | O39: 480 | U39: 12M - Done
A40: Waterford | B40: The Atrium | C40: BE-R-IE002-23.09-Jun-1 | E40: 12M | G40: 12M | H40: UK-WFTA-FL01-FEC-23.09-Fire Extinguisher, CO2 | I40: Waterford - M&E PPM's | J40: G4S | K40: Burlington | N40: 613 | O40: 420 | U40: 12M - Done
A41: Waterford | B41: The Atrium | C41: BE-R-IE002-32.02-Jun-1 | E41: 1M | G41: 1M | H41: UK-WFTA-FL01-WSE-32.02-Hot & Cold Water Services | I41: Waterford - M&E PPM's | J41: WPC Internal | K41: ISS | L41: N | M41: N/A | N41: 0 | O41: 0 | Q41: 1M - Done | R41: 1M - Done | S41: 1M - Done | T41: 1M - Done | U41: 1M - Done | V41: 1M - Done | W41: 1M - Done | X41: 1M - Done | Y41: 1M - Done | Z41: 1M - Done | AA41: 1M - Done | AB41: 1M - Done
A42: Waterford | B42: The Atrium | C42: BE-R-IE002-32.02-Jun-1 | E42: 12M | G42: 12M | H42: UK-WFTA-FL01-WSE-32.02-Hot & Cold Water Services | I42: Waterford - M&E PPM's | J42: Burlington | K42: Burlington | M42: TBC | N42: 93.06 | O42: 1400 | R42: 6M - Done | X42: 6M - Done
A43: Waterford | B43: The Atrium | C43: BE-R-IE002-23.10-Jun-1 | E43: 12M | G43: 12M | H43: UK-WFTA-FL01-FEF-23.10-Fire Extinguisher, Foam | I43: Waterford - M&E PPM's | J43: G4S | K43: Burlington | M43: TBC | N43: 248 | O43: ref line 46 | S43: 12M - Done
A44: Waterford | B44: The Atrium | C44: BE-R-IE002-44.02-Jun-1 | E44: 12M | H44: UK-WFTA-FL01-MSP-44.02-Main Incoming Switch Panel | I44: Waterford - M&E PPM's | J44: ENG LEAD | K44: ISS | L44: N | M44: N/A | N44: 1450 | O44: 0 | U44: 12M
A45: Waterford | B45: The Atrium | C45: BE-R-IE002-14.24-Oct-1 | D45: 12M,6M | H45: UK-WFTA-FL01-UWD-14.24-Leak Detection | I45: Waterford - M&E PPM's | J45: G4S | K45: Burlington | M45: TBC | N45: 480 | O45: 634 | S45: 6M - Done | Y45: 12M -Done
A46: Waterford | B46: The Atrium | C46: BE-R-IE002-95.12-Feb-1 | D46: 6M | E46: 12M | G46: 12M | H46: 95.12:Zip Drinking Water Boiler | I46: Waterford - M&E PPM's | J46: ZIP TAP | K46: ISS | M46: P2011021399 | N46: ref line 293 | O46: ref line 293 | R46: 12M - Done | X46: 6M - Done
A47: Waterford | B47: The Atrium | C47: BE-R-IE002-95.12-Feb-1 | D47: 6M | E47: 12M | G47: 12M | H47: UK-WFTA-FL01-DWB-95.12-Zip:Drinking Water Boiler:1st Canteen | I47: Waterford - M&E PPM's | J47: ZIP TAP | K47: ISS | M47: P2011021399 | N47: ref line 293 | O47: ref line 293 | R47: 12M - Done | X47: 6M - Done
A48: Waterford | B48: The Atrium | C48: BE-R-IE002-87.06-Jun-1 | E48: 12M | H48: UK-WFTA-FL01-FBL-87.06-Fire Blanket | I48: Waterford - M&E PPM's | J48: G4S | K48: Burlington | M48: TBC | N48: Never Done | O48: ref line 46 | S48: 12M
A49: Waterford | B49: The Atrium | C49: BE-R-IE002-14.19-Feb-1 | D49: 12M,6M | H49: UK-WFTA-FL01-ASY-14.19-Access Control System | I49: Waterford - M&E PPM's | J49: Q3 | K49: ISS | N49: ref line 41 | O49: 200 | Q49: 6M - Done | W49: 6M - Done
A50: Waterford | B50: The Atrium | C50: UK-WFTA-FL01-ASY-14.19-Access Control System | D50: Waterford - M&E PPM's | E50: Q3 | F50: ISS | H50: UK-WFTA-FL01-ASY-14.19-Access Control System | I50: Waterford - M&E PPM's | J50: WPC Internal | K50: ISS | Q50: 1M - Done | R50: 1M - Done | S50: 1M - Done | T50: 1M - Done | U50: 1M - Done | V50: 1M - Done | W50: 1M - Done | X50: 1M - Done | Y50: 1M - Done | Z50: 1M - Done | AA50: 1M - Done | AB50: 1M - Done
A51: Waterford | B51: The Atrium | C51: BE-R-IE002-14.19-Feb-1 | H51: AED | I51: Waterford - M&E PPM's | J51: WPC Internal | K51: ISS | Q51: 1M - Done | R51: 1M - Done | S51: 1M - Done | T51: 1M - Done | U51: 1M - Done | V51: 1M - Done | W51: 1M - Done | X51: 1M - Done | Y51: 1M - Done | Z51: 1M - Done | AA51: 1M - Done | AB51: 1M - Done
A52: Waterford | B52: The Atrium | C52: BE-R-IE002-NONSFG:AVE-Oct-1-AV Electrosonic:Audio Visual Equipment | D52: 6M | H52: IE-WFTA-Audio Visual PM's | I52: Digicom | J52: DIGICOM | K52: ISS | M52: P2011022220 | N52: ref line 445 | O52: ref line 445 | R52: 6M - Done | X52: 6M - Done
A53: Waterford | B53: The Atrium | H53: UK-CQLQ-FL02-FAS-22.01-Fire Alarm System (includes intruder & fire alarm monitoring) | I53: Waterford - M&E PPM's | J53: Q3 | K53: ISS | L53: N | N53: 450 | O53: 470 | R53: 6M - Done | X53: 6M - Done
A54: Cork | B54: City Quarter | C54: BS-R-IE006-14.22-Oct-1 | D54: 12M,6M | H54: 14.22:Distribution Boards (DB's) | I54: Cork - M&E PPM's | J54: ENG LEAD | K54: ISS | L54: N | M54: N/A | N54: 1450 | O54: 0 | U54: 12M - Done
A55: Cork | B55: City Quarter | C55: BS-R-IE006-14.22-Oct-1 | H55: UK-CQLQ-FL02-DBD-14.22-DB, Office 2B SDB - Main Switch Panel Sockets & Lighting Right
A56: Cork | B56: City Quarter | C56: BS-R-IE006-14.22-Oct-1 | H56: UK-CQLQ-FL02-DBD-14.22-DB Comms Room
A57: Cork | B57: City Quarter | C57: BS-R-IE006-14.22-Oct-1 | H57: UK-CQLQ-FL02-DBD-14.22-DB, Office 2A SDB - Main Switch Panel Sockets & Lighting Left
A58: Cork | B58: City Quarter | C58: BS-R-IE006-23.09-Jul-1 | E58: 12M | G58: 12M | H58: 23.09:Fire Extinguishers CO2 | I58: Cork - M&E PPM's | J58: G4S | K58: Burlington | M58: TBC | N58: 380 | O58: 585 | U58: 12M - Done
A59: Cork | B59: City Quarter | C59: BS-R-IE006-23.09-Jul-1 | H59: UK-CQLQ-FL02-FEC-23.09-Fire Extinguisher, CO2
A60: Cork | B60: City Quarter | C60: BS-R-IE006-20.08-Jul-1 | D60: 6M | H60: 20.08:Extract Fans | I60: Cork - M&E PPM's | J60: Burlington | K60: Burlington | M60: TBC | N60: 186.12 | O60: 960 | R60: 6M - Done | X60: 6M - Done
A61: Cork | B61: City Quarter | C61: BS-R-IE006-20.08-Jul-1 | H61: UK-CQLQ-FL02-FEX-20.08-Extract Fan-001
A62: Cork | B62: City Quarter | C62: BS-R-IE006-20.08-Jul-1 | H62: UK-CQLQ-FL02-FEX-20.08-Extract Fan-002
A63: Cork | B63: City Quarter | C63: BS-R-IE006-54.03-May-1 | E63: 6M | G63: 6M | H63: 54.03:Split Systems / Heatpumps | I63: Cork - M&E PPM's | J63: Burlington | K63: Burlington | M63: TBC | N63: 930.6 | O63: 960 | R63: 6M - Done | X63: 6M - Done
A64: Cork | B64: City Quarter | C64: BS-R-IE006-54.03-May-1 | H64: UK-CQLQ-FL02-SHP-54.03-Split Indoor Unit 2
A65: Cork | B65: City Quarter | C65: BS-R-IE006-54.03-May-1 | H65: UK-CQLQ-FL02-SHP-54.03-Split Indoor Unit 1
A66: Cork | B66: City Quarter | C66: BS-R-IE006-54.03-May-2 | E66: 6M | G66: 6M | H66: 54.03:Condensers Air Cooled | I66: Cork - M&E PPM's | J66: Burlington | K66: Burlington | M66: TBC | N66: 558.36 | O66: 240 | R66: 6M - Done | X66: 6M
A67: Cork | B67: City Quarter | C67: BS-R-IE006-54.03-May-2 | H67: UK-CQLQ-ROF-CAC-54.03-AC Condenser, DX Unit 1
A68: Cork | B68: City Quarter | C68: BS-R-IE006-54.03-May-2 | H68: UK-CQLQ-ROF-CAC-54.03-AC Condenser, DX Unit 2
A69: Cork | B69: City Quarter | C69: BS-R-IE006-95.12-Nov-2 | E69: 12M | H69: 95.12:Water Heaters Packaged Electric | I69: Cork - M&E PPM's | J69: Burlington | K69: Burlington | M69: TBC | N69: 186.12 | O69: 120 | U69: 12M - Done
A70: Cork | B70: City Quarter | C70: BS-R-IE006-95.12-Nov-2 | H70: UK-CQLQ-FL02-WHE-95.12-Water Heater-001
A71: Cork | B71: City Quarter | C71: BS-R-IE006-95.12-Nov-2 | H71: UK-CQLQ-FL02-WHE-95.12-Water Heater-002
A72: Cork | B72: City Quarter | C72: BS-R-IE006-88.50-Nov-1 | E72: 12M | H72: 88.50:Walls and partitions Incl Sliding / Mobile | I72: Cork - M&E PPM's | J72: Masters Choice | K72: Burlington | M72: TBC | N72: Never Done | O72: 3312 | U72: 12M - Done
A73: Cork | B73: City Quarter | C73: BS-R-IE006-88.50-Nov-1 | H73: UK-CQLQ-FL02-WAP-88.50-Mechanical Glass Wall
A74: Cork | B74: City Quarter | C74: BS-R-IE006-88.50-Nov-1 | H74: UK-CQLQ-FL02-WAP-88.50-Mechanical Wall Client 2/3
A75: Cork | B75: City Quarter | C75: BS-R-IE006-88.50-Nov-1 | H75: UK-CQLQ-FL02-WAP-88.50-Mechanical Filing System, Wall
A76: Cork | B76: City Quarter | C76: BS-R-IE006-88.50-Nov-1 | H76: UK-CQLQ-FL02-WAP-88.50-Mechanical Wall Internal 04/05
A77: Cork | B77: City Quarter | C77: BS-R-IE006-88.50-Nov-1 | H77: UK-CQLQ-FL02-WAP-88.50-Mechanical Wall Glass
A78: Cork | B78: City Quarter | C78: BS-R-IE006-95.12-Apr-1 | D78: 6M | E78: 12M | G78: 12M | H78: 95.12:Zip Drinking Water Boiler | I78: Cork - M&E PPM's | J78: ZIP TAP | K78: ISS | M78: P2011021399 | N78: ref line 293 | O78: ref line 293 | R78: 12M - Done | X78: 6M - Done
A79: Cork | B79: City Quarter | C79: BS-R-IE006-95.12-Apr-1 | H79: UK-CQLQ-FL02-DWB-95.12-Zip Tap:Classic Boiling Chilled 160/175:Canteen
A80: Cork | B80: City Quarter | C80: BS-R-IE006-95.12-Apr-1 | H80: UK-CQLQ-FL02-DWB-95.12-Zip Tap:Classic Boiling Chilled 160/175:2nd Floor Kitchen
A81: Cork | B81: City Quarter | C81: BS-R-IE006-95.12-Apr-1 | H81: UK-CQLQ-FL02-DWB-95.12-Zip Tap:Classic Boiling Chilled 160/175:Main Canteen
A82: Cork | B82: City Quarter | C82: BS-R-IE006-92.01-Nov-1 | H82: UK-CQLQ-FL02-FFR-92.01-Fridge
A83: Cork | B83: City Quarter | C83: BS-R-IE006-91.03-Nov-1 | E83: 12M | H83: 91.03:Coffee Machines | I83: Cork - M&E PPM's | J83: FINDLATER | K83: ISS | N83: 3216 | O83: 3216 | X83: 12M - Done
A84: Cork | B84: City Quarter | C84: BS-R-IE006-91.03-Nov-1 | H84: UK-CQLQ-FL02-COF-91.03-Coffee Machine-001
A85: Cork | B85: City Quarter | C85: BS-R-IE006-91.03-Nov-1 | H85: UK-CQLQ-FL02-COF-91.03-Coffee Machine-002
A86: Waterford | B86: The Atrium | C86: BS-R-IE002-NONSFG:CLN-Jun-1 | D86: 1M | H86: CLN:PHS Monthly Visit | I86: Waterford -WSC | J86: PHS | K86: ISS | N86: TBC | O86: TBC | Q86: 1M - Done | R86: 1M - Done | S86: 1M - Done | T86: 1M - Done | U86: 1M - Done | V86: 1M - Done | W86: 1M - Done | X86: 1M - Done | Y86: 1M - Done | Z86: 1M - Done | AA86: 1M - Done | AB86: 1M - Done | AC86: Please remove from Planner Not PPM
A87: Cork | B87: City Quarter | C87: BS-R-IE006-NONSFG:CLN-Jun-1 | D87: 1M | H87: CLN:PHS Monthly Visit | I87: Cork - WSC | J87: PHS | K87: ISS | N87: TBC | O87: TBC | AC87: Please remove from Planner Not PPM
A88: Cork | B88: City Quarter | C88: BS-R-IE006-NONSFG:CLN-Jun-1 | H88: UK-CQLQ-PHS Monthly Visit
A89: Cork | B89: City Quarter | C89: BE-R-IE006-06.03-Dec-1 | D89: 12M | H89: UK-CQLQ-FL02-COS-06.03-BMS | I89: Cork - M&E PPM's | J89: ASHDOWN CONTROLS | K89: Burlington | M89: P201865518 | N89: 990 | O89: 750 | X89: 12M- Done
A90: Cork | B90: City Quarter | C90: BE-R-IE006-14.19-Feb-1 | D90: 1M | H90: UK-CQLQ-FL02-ASY-14.19-Access Control | I90: Cork - M&E PPM's | J90: WPC Internal | K90: ISS | L90: N | M90: N/A | N90: 0 | O90: 0 | Q90: 1M - Done | R90: 1M - Done | S90: 1M - Done | T90: 1M - Done | U90: 1M - Done | V90: 1M - Done | W90: 1M - Done | X90: 1M - Done | Y90: 1M - Done | Z90: 1M - Done | AA90: 1M - Done | AB90: 1M - Done
A91: Cork | B91: City Quarter | C91: BE-R-IE006-14.19-Feb-1 | D91: 6M,1M | H91: UK-CQLQ-FL02-ASY-14.19-Access Control System | I91: Cork - M&E PPM's | J91: Q3 | K91: ISS | N91: 713.34 | O91: 200 | R91: 6M - Done | X91: 6M - Done
A92: Cork | B92: City Quarter | C92: BE-R-IE006-88.09-Jan-1 | E92: 12M | H92: UK-CQLQ-FL02-BSD-88.09-Roller Shutter | I92: Cork - M&E PPM's | J92: TBC | N92: Never Done | O92: 600 | X92: 12M
A93: Cork | B93: City Quarter | C93: BE-R-IE006-32.02-Jun-1 | E93: 1M | G93: 1M | H93: UK-CQLQ-FL02-WSE-32.02-Hot & Cold Water Services | I93: Cork - M&E PPM's | J93: WPC Internal | K93: ISS | L93: N | M93: N/A | Q93: 1M - Done | R93: 1M - Done | S93: 1M - Done | T93: 1M - Done | U93: 1M - Done | V93: 1M - Done | W93: 1M - Done | X93: 1M - Done | Y93: 1M - Done | Z93: 1M - Done | AA93: 1M - Done | AB93: 1M - Done
A94: Cork | B94: City Quarter | C94: BE-R-IE006-32.02-Jun-1 | E94: 12M | G94: 12M, | H94: UK-CQLQ-FL02-WSE-32.02-Hot & Cold Water Services | I94: Cork - M&E PPM's | J94: Burlington | K94: Burlington | M94: TBC | N94: 186.12 | O94: 2100 | R94: 6M - Done | X94: 6M - Done
A95: Cork | B95: City Quarter | C95: BE-R-IE006-14.24-Nov-1 | D95: 12M,6M | H95: UK-CQLQ-FL02-UWD-14.24-Leak Detection System | I95: Cork - M&E PPM's | J95: G4S | K95: Burlington | M95: TBC | N95: 748 | O95: 634 | R95: 6M - Done | X95: 12M - Done
A96: Cork | B96: City Quarter | C96: BE-R-IE006-23.17-Jun-1 | E96: 12M | H96: UK-CQLQ-FL02-FDI-23.17-Fire Doors | I96: Cork - M&E PPM's | J96: Burlington | K96: Burlington | M96: TBC | N96: 372.24 | O96: 520 | U96: 12M - Done
A97: Cork | B97: City Quarter | C97: BS-R-IE006-37.01-Aug-1 | E97: 12M,1M | G97: 12M | H97: UK-CQLQ-FL02-EXP-37.01-Emergency Light | I97: Cork - M&E PPM's | J97: ENG LEAD | K97: ISS | L97: N | M97: N/A | N97: 486.12 | O97: 0 | P97: =N97/O97 -> #DIV/0! | Q97: 3M - Done | T97: 3M | W97: 12M | Z97: 3M - Done | AA97: 12M - Done
A98: Cork | B98: City Quarter | C98: BE-R-IE006-16.03-May-1 | D98: 12M | H98: UK-CQLQ-FL02-DDA-16.03-Ducting including Fire Dampers | I98: Cork - M&E PPM's | J98: Burlington | K98: Burlington | M98: TBC | U98: 12M - Done
A99: Cork | B99: City Quarter | C99: BE-R-IE006-59.06-Nov-1 | D99: 12M,6M | H99: UK-CQLQ-FL02-FAC-59.06-Fan Coils | I99: Cork - M&E PPM's | J99: Burlington | K99: Burlington | M99: TBC | N99: 744.48 | O99: 3060 | R99: 6M - Done | X99: 12M
A100: Cork | B100: City Quarter | H100: UK-WFTA-FL01-CTV-49.02-CCTV System | I100: Cork - M&E PPM's | J100: Q3 | K100: ISS | N100: 713.34 | O100: 80 | R100: 6M - Done | X100: 6M - Done
A101: Cork | B101: City Quarter | C101: BE-R-IE006-23.17-Jun-1 | D101: 1M | H101: UK-CQLQ-FL02-FDI-23.17-Fire Doors | I101: Cork - M&E PPM's | J101: WPC Internal | K101: ISS | L101: N | M101: N/A | N101: 0 | O101: 0 | Q101: 1M - Done | R101: 1M - Done | S101: 1M - Done | T101: 1M - Done | U101: 1M - Done | V101: 1M - Done | W101: 1M - Done | X101: 1M - Done | Y101: 1M - Done | Z101: 1M - Done | AA101: 1M - Done | AB101: 1M - Done
...

Sheet PPM Dashboard
A3: Building/ Site | B3: Janaury | E3: February | H3: March | K3: April | N3: May | Q3: June | T3: July | W3: August | Z3: September | AC3: October | AF3: November | AI3: December
B4: Count | C4: ACHV | D4: % | E4: Count | F4: ACHV | G4: % | H4: Count | I4: ACHV | J4: % | K4: Count | L4: ACHV | M4: % | N4: Count | O4: ACHV | P4: % | Q4: Count | R4: ACHV | S4: % | T4: Count | U4: ACHV | V4: % | W4: Count | X4: ACHV | Y4: % | Z4: Count | AA4: ACHV | AB4: % | AC4: Count | AD4: ACHV | AE4: % | AF4: Count | AG4: ACHV | AH4: % | AI4: Count | AJ4: ACHV | AK4: %
A5: Dublin - Station Building | B5: =COUNTIFS('EY Ireland PPM Planner 2025'!$B:$B,'EY Ireland PPM Planner 2025'!$B497,'EY Ireland PPM Planner 2025'!Q:Q,"<>") -> 8 | C5: =COUNTIFS('EY Ireland PPM Planner 2025'!$B:$B,'EY Ireland PPM Planner 2025'!$B497,'EY Ireland PPM Planner 2025'!Q:Q,"*Done*") -> 8 | D5: =C5/B5 -> 1 | E5: =COUNTIFS('EY Ireland PPM Planner 2025'!$B:$B, 'EY Ireland PPM Planner 2025'!$B497, 'EY Ireland PPM Planner 2025'!R:R,"<>") -> 17 | F5: =COUNTIFS('EY Ireland PPM Planner 2025'!$B:$B, 'EY Ireland PPM Planner 2025'!$B497, 'EY Ireland PPM Planner 2025'!R:R,"*Done*") -> 12 | G5: =F5/E5 -> 0.70588235 | H5: =COUNTIFS('EY Ireland PPM Planner 2025'!$B:$B, 'EY Ireland PPM Planner 2025'!$B497, 'EY Ireland PPM Planner 2025'!S:S,"<>") -> 14 | I5: =COUNTIFS('EY Ireland PPM Planner 2025'!$B:$B, 'EY Ireland PPM Planner 2025'!$B497, 'EY Ireland PPM Planner 2025'!S:S,"*Done*") -> 9 | J5: =I5/H5 -> 0.64285714 | K5: =COUNTIFS('EY Ireland PPM Planner 2025'!$B:$B, 'EY Ireland PPM Planner 2025'!$B497, 'EY Ireland PPM Planner 2025'!T:T,"<>") -> 10 | L5: =COUNTIFS('EY Ireland PPM Planner 2025'!$B:$B, 'EY Ireland PPM Planner 2025'!$B497, 'EY Ireland PPM Planner 2025'!T:T,"*Done*") -> 8 | M5: =L5/K5 -> 0.8 | N5: =COUNTIFS('EY Ireland PPM Planner 2025'!$B:$B, 'EY Ireland PPM Planner 2025'!$B497, 'EY Ireland PPM Planner 2025'!U:U,"<>") -> 13 | O5: =COUNTIFS('EY Ireland PPM Planner 2025'!$B:$B, 'EY Ireland PPM Planner 2025'!$B497, 'EY Ireland PPM Planner 2025'!U:U,"*Done*") -> 10 | P5: =O5/N5 -> 0.76923077 | Q5: =COUNTIFS('EY Ireland PPM Planner 2025'!$B:$B, 'EY Ireland PPM Planner 2025'!$B497, 'EY Ireland PPM Planner 2025'!V:V,"<>") -> 8 | R5: =COUNTIFS('EY Ireland PPM Planner 2025'!$B:$B, 'EY Ireland PPM Planner 2025'!$B497, 'EY Ireland PPM Planner 2025'!V:V,"*Done*") -> 6 | S5: =R5/Q5 -> 0.75 | T5: =COUNTIFS('EY Ireland PPM Planner 2025'!$B:$B, 'EY Ireland PPM Planner 2025'!$B497, 'EY Ireland PPM Planner 2025'!W:W,"<>") -> 13 | U5: =COUNTIFS('EY Ireland PPM Planner 2025'!$B:$B, 'EY Ireland PPM Planner 2025'!$B497, 'EY Ireland PPM Planner 2025'!W:W,"*Done*") -> 5 | V5: =U5/T5 -> 0.38461538 | W5: =COUNTIFS('EY Ireland PPM Planner 2025'!$B:$B, 'EY Ireland PPM Planner 2025'!$B497, 'EY Ireland PPM Planner 2025'!X:X,"<>") -> 20 | X5: =COUNTIFS('EY Ireland PPM Planner 2025'!$B:$B, 'EY Ireland PPM Planner 2025'!$B497, 'EY Ireland PPM Planner 2025'!X:X,"*Done*") -> 9 | Y5: =X5/W5 -> 0.45 | Z5: =COUNTIFS('EY Ireland PPM Planner 2025'!$B:$B, 'EY Ireland PPM Planner 2025'!$B497, 'EY Ireland PPM Planner 2025'!Y:Y,"<>") -> 16 | AA5: =COUNTIFS('EY Ireland PPM Planner 2025'!$B:$B, 'EY Ireland PPM Planner 2025'!$B497, 'EY Ireland PPM Planner 2025'!Y:Y,"*Done*") -> 4 | AB5: =AA5/Z5 -> 0.25 | AC5: =COUNTIFS('EY Ireland PPM Planner 2025'!$B:$B, 'EY Ireland PPM Planner 2025'!$B497, 'EY Ireland PPM Planner 2025'!Z:Z,"<>") -> 8 | AD5: =COUNTIFS('EY Ireland PPM Planner 2025'!$B:$B, 'EY Ireland PPM Planner 2025'!$B497, 'EY Ireland PPM Planner 2025'!Z:Z,"*Done*") -> 2 | AE5: =AD5/AC5 -> 0.25 | AF5: =COUNTIFS('EY Ireland PPM Planner 2025'!$B:$B, 'EY Ireland PPM Planner 2025'!$B497, 'EY Ireland PPM Planner 2025'!AA:AA,"<>") -> 10 | AG5: =COUNTIFS('EY Ireland PPM Planner 2025'!$B:$B, 'EY Ireland PPM Planner 2025'!$B497, 'EY Ireland PPM Planner 2025'!AA:AA,"*Done*") -> 3 | AH5: =AG5/AF5 -> 0.3 | AI5: =COUNTIFS('EY Ireland PPM Planner 2025'!$B:$B, 'EY Ireland PPM Planner 2025'!$B497, 'EY Ireland PPM Planner 2025'!AB:AB,"<>") -> 8 | AJ5: =COUNTIFS('EY Ireland PPM Planner 2025'!$B:$B, 'EY Ireland PPM Planner 2025'!$B497, 'EY Ireland PPM Planner 2025'!AB:AB,"*Done*") -> 1 | AK5: =AJ5/AI5 -> 0.125
A6: Dublin - Harcourt Centre | B6: =COUNTIFS('EY Ireland PPM Planner 2025'!$B:$B,'EY Ireland PPM Planner 2025'!$B136, 'EY Ireland PPM Planner 2025'!Q:Q,"<>") -> 9 | C6: =COUNTIFS('EY Ireland PPM Planner 2025'!$B:$B,'EY Ireland PPM Planner 2025'!$B136, 'EY Ireland PPM Planner 2025'!Q:Q,"*Done*") -> 9 | D6: =C6/B6 -> 1 | E6: =COUNTIFS('EY Ireland PPM Planner 2025'!$B:$B,'EY Ireland PPM Planner 2025'!$B136, 'EY Ireland PPM Planner 2025'!R:R,"<>") -> 29 | F6: =COUNTIFS('EY Ireland PPM Planner 2025'!$B:$B,'EY Ireland PPM Planner 2025'!$B136, 'EY Ireland PPM Planner 2025'!R:R,"*Done*") -> 29 | G6: =F6/E6 -> 1 | H6: =COUNTIFS('EY Ireland PPM Planner 2025'!$B:$B,'EY Ireland PPM Planner 2025'!$B136, 'EY Ireland PPM Planner 2025'!S:S,"<>") -> 12 | I6: =COUNTIFS('EY Ireland PPM Planner 2025'!$B:$B,'EY Ireland PPM Planner 2025'!$B136, 'EY Ireland PPM Planner 2025'!S:S,"*Done*") -> 11 | J6: =I6/H6 -> 0.91666667 | K6: =COUNTIFS('EY Ireland PPM Planner 2025'!$B:$B,'EY Ireland PPM Planner 2025'!$B136, 'EY Ireland PPM Planner 2025'!T:T,"<>") -> 9 | L6: =COUNTIFS('EY Ireland PPM Planner 2025'!$B:$B,'EY Ireland PPM Planner 2025'!$B136, 'EY Ireland PPM Planner 2025'!T:T,"*Done*") -> 9 | M6: =L6/K6 -> 1 | N6: =COUNTIFS('EY Ireland PPM Planner 2025'!$B:$B,'EY Ireland PPM Planner 2025'!$B136, 'EY Ireland PPM Planner 2025'!U:U,"<>") -> 15 | O6: =COUNTIFS('EY Ireland PPM Planner 2025'!$B:$B,'EY Ireland PPM Planner 2025'!$B136, 'EY Ireland PPM Planner 2025'!U:U,"*Done*") -> 15 | P6: =O6/N6 -> 1 | Q6: =COUNTIFS('EY Ireland PPM Planner 2025'!$B:$B,'EY Ireland PPM Planner 2025'!$B136, 'EY Ireland PPM Planner 2025'!V:V,"<>") -> 9 | R6: =COUNTIFS('EY Ireland PPM Planner 2025'!$B:$B,'EY Ireland PPM Planner 2025'!$B136, 'EY Ireland PPM Planner 2025'!V:V,"*Done*") -> 7 | S6: =R6/Q6 -> 0.77777778 | T6: =COUNTIFS('EY Ireland PPM Planner 2025'!$B:$B,'EY Ireland PPM Planner 2025'!$B136, 'EY Ireland PPM Planner 2025'!W:W,"<>") -> 17 | U6: =COUNTIFS('EY Ireland PPM Planner 2025'!$B:$B,'EY Ireland PPM Planner 2025'!$B136, 'EY Ireland PPM Planner 2025'!W:W,"*Done*") -> 13 | V6: =U6/T6 -> 0.76470588 | W6: =COUNTIFS('EY Ireland PPM Planner 2025'!$B:$B,'EY Ireland PPM Planner 2025'!$B136, 'EY Ireland PPM Planner 2025'!X:X,"<>") -> 33 | X6: =COUNTIFS('EY Ireland PPM Planner 2025'!$B:$B,'EY Ireland PPM Planner 2025'!$B136, 'EY Ireland PPM Planner 2025'!X:X,"*Done*") -> 24 | Y6: =X6/W6 -> 0.72727273 | Z6: =COUNTIFS('EY Ireland PPM Planner 2025'!$B:$B,'EY Ireland PPM Planner 2025'!$B136, 'EY Ireland PPM Planner 2025'!Y:Y,"<>") -> 11 | AA6: =COUNTIFS('EY Ireland PPM Planner 2025'!$B:$B,'EY Ireland PPM Planner 2025'!$B136, 'EY Ireland PPM Planner 2025'!Y:Y,"*Done*") -> 9 | AB6: =AA6/Z6 -> 0.81818182 | AC6: =COUNTIFS('EY Ireland PPM Planner 2025'!$B:$B,'EY Ireland PPM Planner 2025'!$B136, 'EY Ireland PPM Planner 2025'!Z:Z,"<>") -> 8 | AD6: =COUNTIFS('EY Ireland PPM Planner 2025'!$B:$B,'EY Ireland PPM Planner 2025'!$B136, 'EY Ireland PPM Planner 2025'!Z:Z,"*Done*") -> 3 | AE6: =AD6/AC6 -> 0.375 | AF6: =COUNTIFS('EY Ireland PPM Planner 2025'!$B:$B,'EY Ireland PPM Planner 2025'!$B136, 'EY Ireland PPM Planner 2025'!AA:AA,"<>") -> 8 | AG6: =COUNTIFS('EY Ireland PPM Planner 2025'!$B:$B,'EY Ireland PPM Planner 2025'!$B136, 'EY Ireland PPM Planner 2025'!AA:AA,"*Done*") -> 2 | AH6: =AG6/AF6 -> 0.25 | AI6: =COUNTIFS('EY Ireland PPM Planner 2025'!$B:$B,'EY Ireland PPM Planner 2025'!$B136, 'EY Ireland PPM Planner 2025'!AB:AB,"<>") -> 8 | AJ6: =COUNTIFS('EY Ireland PPM Planner 2025'!$B:$B,'EY Ireland PPM Planner 2025'!$B136, 'EY Ireland PPM Planner 2025'!AB:AB,"*Done*") -> 1 | AK6: =AJ6/AI6 -> 0.125
A7: Galway - Hibernian House | B7: =COUNTIFS('EY Ireland PPM Planner 2025'!$B:$B,'EY Ireland PPM Planner 2025'!$B597, 'EY Ireland PPM Planner 2025'!Q:Q,"<>") -> 6 | C7: =COUNTIFS('EY Ireland PPM Planner 2025'!$B:$B,'EY Ireland PPM Planner 2025'!$B597, 'EY Ireland PPM Planner 2025'!Q:Q,"*Done*") -> 6 | D7: =C7/B7 -> 1 | E7: =COUNTIFS('EY Ireland PPM Planner 2025'!$B:$B,'EY Ireland PPM Planner 2025'!$B597, 'EY Ireland PPM Planner 2025'!R:R,"<>") -> 11 | F7: =COUNTIFS('EY Ireland PPM Planner 2025'!$B:$B,'EY Ireland PPM Planner 2025'!$B597, 'EY Ireland PPM Planner 2025'!R:R,"*Done*") -> 10 | G7: =F7/E7 -> 0.90909091 | H7: =COUNTIFS('EY Ireland PPM Planner 2025'!$B:$B,'EY Ireland PPM Planner 2025'!$B597, 'EY Ireland PPM Planner 2025'!S:S,"<>") -> 4 | I7: =COUNTIFS('EY Ireland PPM Planner 2025'!$B:$B,'EY Ireland PPM Planner 2025'!$B597, 'EY Ireland PPM Planner 2025'!S:S,"*Done*") -> 4 | J7: =I7/H7 -> 1 | K7: =COUNTIFS('EY Ireland PPM Planner 2025'!$B:$B,'EY Ireland PPM Planner 2025'!$B597, 'EY Ireland PPM Planner 2025'!T:T,"<>") -> 6 | L7: =COUNTIFS('EY Ireland PPM Planner 2025'!$B:$B,'EY Ireland PPM Planner 2025'!$B597, 'EY Ireland PPM Planner 2025'!T:T,"*Done*") -> 5 | M7: =L7/K7 -> 0.83333333 | N7: =COUNTIFS('EY Ireland PPM Planner 2025'!$B:$B,'EY Ireland PPM Planner 2025'!$B597, 'EY Ireland PPM Planner 2025'!U:U,"<>") -> 10 | O7: =COUNTIFS('EY Ireland PPM Planner 2025'!$B:$B,'EY Ireland PPM Planner 2025'!$B597, 'EY Ireland PPM Planner 2025'!U:U,"*Done*") -> 9 | P7: =O7/N7 -> 0.9 | Q7: =COUNTIFS('EY Ireland PPM Planner 2025'!$B:$B,'EY Ireland PPM Planner 2025'!$B597, 'EY Ireland PPM Planner 2025'!V:V,"<>") -> 4 | R7: =COUNTIFS('EY Ireland PPM Planner 2025'!$B:$B,'EY Ireland PPM Planner 2025'!$B597, 'EY Ireland PPM Planner 2025'!V:V,"*Done*") -> 4 | S7: =R7/Q7 -> 1 | T7: =COUNTIFS('EY Ireland PPM Planner 2025'!$B:$B,'EY Ireland PPM Planner 2025'!$B597, 'EY Ireland PPM Planner 2025'!W:W,"<>") -> 9 | U7: =COUNTIFS('EY Ireland PPM Planner 2025'!$B:$B,'EY Ireland PPM Planner 2025'!$B597, 'EY Ireland PPM Planner 2025'!W:W,"*Done*") -> 6 | V7: =U7/T7 -> 0.66666667 | W7: =COUNTIFS('EY Ireland PPM Planner 2025'!$B:$B,'EY Ireland PPM Planner 2025'!$B597, 'EY Ireland PPM Planner 2025'!X:X,"<>") -> 10 | X7: =COUNTIFS('EY Ireland PPM Planner 2025'!$B:$B,'EY Ireland PPM Planner 2025'!$B597, 'EY Ireland PPM Planner 2025'!X:X,"*Done*") -> 7 | Y7: =X7/W7 -> 0.7 | Z7: =COUNTIFS('EY Ireland PPM Planner 2025'!$B:$B,'EY Ireland PPM Planner 2025'!$B597, 'EY Ireland PPM Planner 2025'!Y:Y,"<>") -> 4 | AA7: =COUNTIFS('EY Ireland PPM Planner 2025'!$B:$B,'EY Ireland PPM Planner 2025'!$B597, 'EY Ireland PPM Planner 2025'!Y:Y,"*Done*") -> 4 | AB7: =AA7/Z7 -> 1 | AC7: =COUNTIFS('EY Ireland PPM Planner 2025'!$B:$B,'EY Ireland PPM Planner 2025'!$B597, 'EY Ireland PPM Planner 2025'!Z:Z,"<>") -> 6 | AD7: =COUNTIFS('EY Ireland PPM Planner 2025'!$B:$B,'EY Ireland PPM Planner 2025'!$B597, 'EY Ireland PPM Planner 2025'!Z:Z,"*Done*") -> 6 | AE7: =AD7/AC7 -> 1 | AF7: =COUNTIFS('EY Ireland PPM Planner 2025'!$B:$B,'EY Ireland PPM Planner 2025'!$B597, 'EY Ireland PPM Planner 2025'!AA:AA,"<>") -> 5 | AG7: =COUNTIFS('EY Ireland PPM Planner 2025'!$B:$B,'EY Ireland PPM Planner 2025'!$B597, 'EY Ireland PPM Planner 2025'!AA:AA,"*Done*") -> 4 | AH7: =AG7/AF7 -> 0.8 | AI7: =COUNTIFS('EY Ireland PPM Planner 2025'!$B:$B,'EY Ireland PPM Planner 2025'!$B597, 'EY Ireland PPM Planner 2025'!AB:AB,"<>") -> 4 | AJ7: =COUNTIFS('EY Ireland PPM Planner 2025'!$B:$B,'EY Ireland PPM Planner 2025'!$B597, 'EY Ireland PPM Planner 2025'!AB:AB,"*Done*") -> 4 | AK7: =AJ7/AI7 -> 1
A8: Waterford - The Atrium | B8: =COUNTIFS('EY Ireland PPM Planner 2025'!$B:$B,'EY Ireland PPM Planner 2025'!$B37, 'EY Ireland PPM Planner 2025'!Q:Q,"<>") -> 9 | C8: =COUNTIFS('EY Ireland PPM Planner 2025'!$B:$B,'EY Ireland PPM Planner 2025'!$B37, 'EY Ireland PPM Planner 2025'!Q:Q,"*Done*") -> 8 | D8: =C8/B8 -> 0.88888889 | E8: =COUNTIFS('EY Ireland PPM Planner 2025'!$B:$B,'EY Ireland PPM Planner 2025'!$B37, 'EY Ireland PPM Planner 2025'!R:R,"<>") -> 13 | F8: =COUNTIFS('EY Ireland PPM Planner 2025'!$B:$B,'EY Ireland PPM Planner 2025'!$B37, 'EY Ireland PPM Planner 2025'!R:R,"*Done*") -> 13 | G8: =F8/E8 -> 1 | H8: =COUNTIFS('EY Ireland PPM Planner 2025'!$B:$B,'EY Ireland PPM Planner 2025'!$B37, 'EY Ireland PPM Planner 2025'!S:S,"<>") -> 9 | I8: =COUNTIFS('EY Ireland PPM Planner 2025'!$B:$B,'EY Ireland PPM Planner 2025'!$B37, 'EY Ireland PPM Planner 2025'!S:S,"*Done*") -> 8 | J8: =I8/H8 -> 0.88888889 | K8: =COUNTIFS('EY Ireland PPM Planner 2025'!$B:$B,'EY Ireland PPM Planner 2025'!$B37, 'EY Ireland PPM Planner 2025'!T:T,"<>") -> 8 | L8: =COUNTIFS('EY Ireland PPM Planner 2025'!$B:$B,'EY Ireland PPM Planner 2025'!$B37, 'EY Ireland PPM Planner 2025'!T:T,"*Done*") -> 8 | M8: =L8/K8 -> 1 | N8: =COUNTIFS('EY Ireland PPM Planner 2025'!$B:$B,'EY Ireland PPM Planner 2025'!$B37, 'EY Ireland PPM Planner 2025'!U:U,"<>") -> 15 | O8: =COUNTIFS('EY Ireland PPM Planner 2025'!$B:$B,'EY Ireland PPM Planner 2025'!$B37, 'EY Ireland PPM Planner 2025'!U:U,"*Done*") -> 11 | P8: =O8/N8 -> 0.73333333 | Q8: =COUNTIFS('EY Ireland PPM Planner 2025'!$B:$B,'EY Ireland PPM Planner 2025'!$B37, 'EY Ireland PPM Planner 2025'!V:V,"<>") -> 6 | R8: =COUNTIFS('EY Ireland PPM Planner 2025'!$B:$B,'EY Ireland PPM Planner 2025'!$B37, 'EY Ireland PPM Planner 2025'!V:V,"*Done*") -> 6 | S8: =R8/Q8 -> 1 | T8: =COUNTIFS('EY Ireland PPM Planner 2025'!$B:$B,'EY Ireland PPM Planner 2025'!$B37, 'EY Ireland PPM Planner 2025'!W:W,"<>") -> 9 | U8: =COUNTIFS('EY Ireland PPM Planner 2025'!$B:$B,'EY Ireland PPM Planner 2025'!$B37, 'EY Ireland PPM Planner 2025'!W:W,"*Done*") -> 9 | V8: =U8/T8 -> 1 | W8: =COUNTIFS('EY Ireland PPM Planner 2025'!$B:$B,'EY Ireland PPM Planner 2025'!$B37, 'EY Ireland PPM Planner 2025'!X:X,"<>") -> 11 | X8: =COUNTIFS('EY Ireland PPM Planner 2025'!$B:$B,'EY Ireland PPM Planner 2025'!$B37, 'EY Ireland PPM Planner 2025'!X:X,"*Done*") -> 11 | Y8: =X8/W8 -> 1 | Z8: =COUNTIFS('EY Ireland PPM Planner 2025'!$B:$B,'EY Ireland PPM Planner 2025'!$B37, 'EY Ireland PPM Planner 2025'!Y:Y,"<>") -> 7 | AA8: =COUNTIFS('EY Ireland PPM Planner 2025'!$B:$B,'EY Ireland PPM Planner 2025'!$B37, 'EY Ireland PPM Planner 2025'!Y:Y,"*Done*") -> 7 | AB8: =AA8/Z8 -> 1 | AC8: =COUNTIFS('EY Ireland PPM Planner 2025'!$B:$B,'EY Ireland PPM Planner 2025'!$B37, 'EY Ireland PPM Planner 2025'!Z:Z,"<>") -> 8 | AD8: =COUNTIFS('EY Ireland PPM Planner 2025'!$B:$B,'EY Ireland PPM Planner 2025'!$B37, 'EY Ireland PPM Planner 2025'!Z:Z,"*Done*") -> 8 | AE8: =AD8/AC8 -> 1 | AF8: =COUNTIFS('EY Ireland PPM Planner 2025'!$B:$B,'EY Ireland PPM Planner 2025'!$B37, 'EY Ireland PPM Planner 2025'!AA:AA,"<>") -> 8 | AG8: =COUNTIFS('EY Ireland PPM Planner 2025'!$B:$B,'EY Ireland PPM Planner 2025'!$B37, 'EY Ireland PPM Planner 2025'!AA:AA,"*Done*") -> 8 | AH8: =AG8/AF8 -> 1 | AI8: =COUNTIFS('EY Ireland PPM Planner 2025'!$B:$B,'EY Ireland PPM Planner 2025'!$B37, 'EY Ireland PPM Planner 2025'!AB:AB,"<>") -> 6 | AJ8: =COUNTIFS('EY Ireland PPM Planner 2025'!$B:$B,'EY Ireland PPM Planner 2025'!$B37, 'EY Ireland PPM Planner 2025'!AB:AB,"*Done*") -> 6 | AK8: =AJ8/AI8 -> 1
A9: Cork - City Quarter | B9: =COUNTIFS('EY Ireland PPM Planner 2025'!$B:$B,'EY Ireland PPM Planner 2025'!$B82, 'EY Ireland PPM Planner 2025'!Q:Q,"<>") -> 5 | C9: =COUNTIFS('EY Ireland PPM Planner 2025'!$B:$B,'EY Ireland PPM Planner 2025'!$B82, 'EY Ireland PPM Planner 2025'!Q:Q,"*Done*") -> 5 | D9: =C9/B9 -> 1 | E9: =COUNTIFS('EY Ireland PPM Planner 2025'!$B:$B,'EY Ireland PPM Planner 2025'!$B82, 'EY Ireland PPM Planner 2025'!R:R,"<>") -> 13 | F9: =COUNTIFS('EY Ireland PPM Planner 2025'!$B:$B,'EY Ireland PPM Planner 2025'!$B82, 'EY Ireland PPM Planner 2025'!R:R,"*Done*") -> 13 | G9: =F9/E9 -> 1 | H9: =COUNTIFS('EY Ireland PPM Planner 2025'!$B:$B,'EY Ireland PPM Planner 2025'!$B82, 'EY Ireland PPM Planner 2025'!S:S,"<>") -> 3 | I9: =COUNTIFS('EY Ireland PPM Planner 2025'!$B:$B,'EY Ireland PPM Planner 2025'!$B82, 'EY Ireland PPM Planner 2025'!S:S,"*Done*") -> 3 | J9: =I9/H9 -> 1 | K9: =COUNTIFS('EY Ireland PPM Planner 2025'!$B:$B,'EY Ireland PPM Planner 2025'!$B82, 'EY Ireland PPM Planner 2025'!T:T,"<>") -> 5 | L9: =COUNTIFS('EY Ireland PPM Planner 2025'!$B:$B,'EY Ireland PPM Planner 2025'!$B82, 'EY Ireland PPM Planner 2025'!T:T,"*Done*") -> 4 | M9: =L9/K9 -> 0.8 | N9: =COUNTIFS('EY Ireland PPM Planner 2025'!$B:$B,'EY Ireland PPM Planner 2025'!$B82, 'EY Ireland PPM Planner 2025'!U:U,"<>") -> 10 | O9: =COUNTIFS('EY Ireland PPM Planner 2025'!$B:$B,'EY Ireland PPM Planner 2025'!$B82, 'EY Ireland PPM Planner 2025'!U:U,"*Done*") -> 10 | P9: =O9/N9 -> 1 | Q9: =COUNTIFS('EY Ireland PPM Planner 2025'!$B:$B,'EY Ireland PPM Planner 2025'!$B82, 'EY Ireland PPM Planner 2025'!V:V,"<>") -> 3 | R9: =COUNTIFS('EY Ireland PPM Planner 2025'!$B:$B,'EY Ireland PPM Planner 2025'!$B82, 'EY Ireland PPM Planner 2025'!V:V,"*Done*") -> 3 | S9: =R9/Q9 -> 1 | T9: =COUNTIFS('EY Ireland PPM Planner 2025'!$B:$B,'EY Ireland PPM Planner 2025'!$B82, 'EY Ireland PPM Planner 2025'!W:W,"<>") -> 5 | U9: =COUNTIFS('EY Ireland PPM Planner 2025'!$B:$B,'EY Ireland PPM Planner 2025'!$B82, 'EY Ireland PPM Planner 2025'!W:W,"*Done*") -> 4 | V9: =U9/T9 -> 0.8 | W9: =COUNTIFS('EY Ireland PPM Planner 2025'!$B:$B,'EY Ireland PPM Planner 2025'!$B82, 'EY Ireland PPM Planner 2025'!X:X,"<>") -> 16 | X9: =COUNTIFS('EY Ireland PPM Planner 2025'!$B:$B,'EY Ireland PPM Planner 2025'!$B82, 'EY Ireland PPM Planner 2025'!X:X,"*Done*") -> 13 | Y9: =X9/W9 -> 0.8125 | Z9: =COUNTIFS('EY Ireland PPM Planner 2025'!$B:$B,'EY Ireland PPM Planner 2025'!$B82, 'EY Ireland PPM Planner 2025'!Y:Y,"<>") -> 3 | AA9: =COUNTIFS('EY Ireland PPM Planner 2025'!$B:$B,'EY Ireland PPM Planner 2025'!$B82, 'EY Ireland PPM Planner 2025'!Y:Y,"*Done*") -> 3 | AB9: =AA9/Z9 -> 1 | AC9: =COUNTIFS('EY Ireland PPM Planner 2025'!$B:$B,'EY Ireland PPM Planner 2025'!$B82, 'EY Ireland PPM Planner 2025'!Z:Z,"<>") -> 5 | AD9: =COUNTIFS('EY Ireland PPM Planner 2025'!$B:$B,'EY Ireland PPM Planner 2025'!$B82, 'EY Ireland PPM Planner 2025'!Z:Z,"*Done*") -> 4 | AE9: =AD9/AC9 -> 0.8 | AF9: =COUNTIFS('EY Ireland PPM Planner 2025'!$B:$B,'EY Ireland PPM Planner 2025'!$B82, 'EY Ireland PPM Planner 2025'!AA:AA,"<>") -> 4 | AG9: =COUNTIFS('EY Ireland PPM Planner 2025'!$B:$B,'EY Ireland PPM Planner 2025'!$B82, 'EY Ireland PPM Planner 2025'!AA:AA,"*Done*") -> 4 | AH9: =AG9/AF9 -> 1 | AI9: =COUNTIFS('EY Ireland PPM Planner 2025'!$B:$B,'EY Ireland PPM Planner 2025'!$B82, 'EY Ireland PPM Planner 2025'!AB:AB,"<>") -> 3 | AJ9: =COUNTIFS('EY Ireland PPM Planner 2025'!$B:$B,'EY Ireland PPM Planner 2025'!$B82, 'EY Ireland PPM Planner 2025'!AB:AB,"*Done*") -> 3 | AK9: =AJ9/AI9 -> 1
A10: Limerick - Riverview House | B10: =COUNTIFS('EY Ireland PPM Planner 2025'!$B:$B,'EY Ireland PPM Planner 2025'!$B649, 'EY Ireland PPM Planner 2025'!Q:Q,"<>") -> 13 | C10: =COUNTIFS('EY Ireland PPM Planner 2025'!$B:$B,'EY Ireland PPM Planner 2025'!$B639, 'EY Ireland PPM Planner 2025'!Q:Q,"*Done*") -> 12 | D10: =C10/B10 -> 0.92307692 | E10: =COUNTIFS('EY Ireland PPM Planner 2025'!$B:$B,'EY Ireland PPM Planner 2025'!$B649, 'EY Ireland PPM Planner 2025'!R:R,"<>") -> 11 | F10: =COUNTIFS('EY Ireland PPM Planner 2025'!$B:$B,'EY Ireland PPM Planner 2025'!$B649, 'EY Ireland PPM Planner 2025'!R:R,"*Done*") -> 10 | G10: =F10/E10 -> 0.90909091 | H10: =COUNTIFS('EY Ireland PPM Planner 2025'!$B:$B,'EY Ireland PPM Planner 2025'!$B649, 'EY Ireland PPM Planner 2025'!S:S,"<>") -> 10 | I10: =COUNTIFS('EY Ireland PPM Planner 2025'!$B:$B,'EY Ireland PPM Planner 2025'!$B649, 'EY Ireland PPM Planner 2025'!S:S,"*Done*") -> 9 | J10: =I10/H10 -> 0.9 | K10: =COUNTIFS('EY Ireland PPM Planner 2025'!$B:$B,'EY Ireland PPM Planner 2025'!$B649, 'EY Ireland PPM Planner 2025'!T:T,"<>") -> 18 | L10: =COUNTIFS('EY Ireland PPM Planner 2025'!$B:$B,'EY Ireland PPM Planner 2025'!$B649, 'EY Ireland PPM Planner 2025'!T:T,"*Done*") -> 12 | M10: =L10/K10 -> 0.66666667 | N10: =COUNTIFS('EY Ireland PPM Planner 2025'!$B:$B,'EY Ireland PPM Planner 2025'!$B649, 'EY Ireland PPM Planner 2025'!U:U,"<>") -> 13 | O10: =COUNTIFS('EY Ireland PPM Planner 2025'!$B:$B,'EY Ireland PPM Planner 2025'!$B649, 'EY Ireland PPM Planner 2025'!U:U,"*Done*") -> 10 | P10: =O10/N10 -> 0.76923077 | Q10: =COUNTIFS('EY Ireland PPM Planner 2025'!$B:$B,'EY Ireland PPM Planner 2025'!$B649, 'EY Ireland PPM Planner 2025'!V:V,"<>") -> 11 | R10: =COUNTIFS('EY Ireland PPM Planner 2025'!$B:$B,'EY Ireland PPM Planner 2025'!$B649, 'EY Ireland PPM Planner 2025'!V:V,"*Done*") -> 9 | S10: =R10/Q10 -> 0.81818182 | T10: =COUNTIFS('EY Ireland PPM Planner 2025'!$B:$B,'EY Ireland PPM Planner 2025'!$B649, 'EY Ireland PPM Planner 2025'!W:W,"<>") -> 11 | U10: =COUNTIFS('EY Ireland PPM Planner 2025'!$B:$B,'EY Ireland PPM Planner 2025'!$B649, 'EY Ireland PPM Planner 2025'!W:W,"*Done*") -> 11 | V10: =U10/T10 -> 1 | W10: =COUNTIFS('EY Ireland PPM Planner 2025'!$B:$B,'EY Ireland PPM Planner 2025'!$B649, 'EY Ireland PPM Planner 2025'!X:X,"<>") -> 11 | X10: =COUNTIFS('EY Ireland PPM Planner 2025'!$B:$B,'EY Ireland PPM Planner 2025'!$B649, 'EY Ireland PPM Planner 2025'!X:X,"*Done*") -> 9 | Y10: =X10/W10 -> 0.81818182 | Z10: =COUNTIFS('EY Ireland PPM Planner 2025'!$B:$B,'EY Ireland PPM Planner 2025'!$B649, 'EY Ireland PPM Planner 2025'!Y:Y,"<>") -> 9 | AA10: =COUNTIFS('EY Ireland PPM Planner 2025'!$B:$B,'EY Ireland PPM Planner 2025'!$B649, 'EY Ireland PPM Planner 2025'!Y:Y,"*Done*") -> 7 | AB10: =AA10/Z10 -> 0.77777778 | AC10: =COUNTIFS('EY Ireland PPM Planner 2025'!$B:$B,'EY Ireland PPM Planner 2025'!$B649, 'EY Ireland PPM Planner 2025'!Z:Z,"<>") -> 10 | AD10: =COUNTIFS('EY Ireland PPM Planner 2025'!$B:$B,'EY Ireland PPM Planner 2025'!$B649, 'EY Ireland PPM Planner 2025'!Z:Z,"*Done*") -> 8 | AE10: =AD10/AC10 -> 0.8 | AF10: =COUNTIFS('EY Ireland PPM Planner 2025'!$B:$B,'EY Ireland PPM Planner 2025'!$B649, 'EY Ireland PPM Planner 2025'!AA:AA,"<>") -> 6 | AG10: =COUNTIFS('EY Ireland PPM Planner 2025'!$B:$B,'EY Ireland PPM Planner 2025'!$B649, 'EY Ireland PPM Planner 2025'!AA:AA,"*Done*") -> 6 | AH10: =AG10/AF10 -> 1 | AI10: =COUNTIFS('EY Ireland PPM Planner 2025'!$B:$B,'EY Ireland PPM Planner 2025'!$B649, 'EY Ireland PPM Planner 2025'!AB:AB,"<>") -> 8 | AJ10: =COUNTIFS('EY Ireland PPM Planner 2025'!$B:$B,'EY Ireland PPM Planner 2025'!$B649, 'EY Ireland PPM Planner 2025'!AB:AB,"*Done*") -> 7 | AK10: =AJ10/AI10 -> 0.875
A11: Total | B11: =SUM(B5:B10) -> 50 | C11: =SUM(C5:C10) -> 48 | D11: =C11/B11 -> 0.96 | E11: =SUM(E5:E10) -> 94 | F11: =SUM(F5:F10) -> 87 | G11: =F11/E11 -> 0.92553191 | H11: =SUM(H5:H10) -> 52 | I11: =SUM(I5:I10) -> 44 | J11: =I11/H11 -> 0.84615385 | K11: =SUM(K5:K10) -> 56 | L11: =SUM(L5:L10) -> 46 | M11: =L11/K11 -> 0.82142857 | N11: =SUM(N5:N10) -> 76 | O11: =SUM(O5:O10) -> 65 | P11: =O11/N11 -> 0.85526316 | Q11: =SUM(Q5:Q10) -> 41 | R11: =SUM(R5:R10) -> 35 | S11: =R11/Q11 -> 0.85365854 | T11: =SUM(T5:T10) -> 64 | U11: =SUM(U5:U10) -> 48 | V11: =U11/T11 -> 0.75 | W11: =SUM(W5:W10) -> 101 | X11: =SUM(X5:X10) -> 73 | Y11: =X11/W11 -> 0.72277228 | Z11: =SUM(Z5:Z10) -> 50 | AA11: =SUM(AA5:AA10) -> 34 | AB11: =AA11/Z11 -> 0.68 | AC11: =SUM(AC5:AC10) -> 45 | AD11: =SUM(AD5:AD10) -> 31 | AE11: =AD11/AC11 -> 0.68888889 | AF11: =SUM(AF5:AF10) -> 41 | AG11: =SUM(AG5:AG10) -> 27 | AH11: =AG11/AF11 -> 0.65853659 | AI11: =SUM(AI5:AI10) -> 37 | AJ11: =SUM(AJ5:AJ10) -> 22 | AK11: =AJ11/AI11 -> 0.59459459
A14: Month | B14: % ACHV
A15: January | B15: =D11 -> 0.96
A16: February | B16: =G11 -> 0.92553191
A17: March | B17: =J11 -> 0.84615385
A18: April | B18: =M11 -> 0.82142857
A19: May | B19: =P11 -> 0.85526316
A20: June | B20: =S11 -> 0.85365854
A21: July | B21: =V11 -> 0.75
A22: August | B22: =Y11 -> 0.72277228
A23: September | B23: =AB11 -> 0.68
A24: October | B24: =AE11 -> 0.68888889
A25: November | B25: =AH11 -> 0.65853659
A26: December | B26: =AK11 -> 0.59459459
A31: Percentage Completion | B31: =AVERAGE(B15:P26) -> 0.7797357

Sheet BEL Costs as of Jan 2025
A2: Dublin | I2: Cork
A4: Service | B4: Current Supplier | C4: New Supplier | D4: Visit Frequency | E4: Costs | I4: Service | J4: Current Supplier | K4: New Supplier | L4: Visit Frequency | M4: Costs
A5: 14.22:Distribution Boards (DB's) | B5: ISS TECH SERVICES | C5: BEL | D5: 12 | E5: 3240 | I5: 14.22:Distribution Boards (DB's) | J5: ISS Tech Services | K5: BEL | L5: 12 | M5: Removed
A6: 44.12:Busbar Systems | B6: ISS TECH SERVICES | C6: BEL | D6: 12 | E6: 1020 | I6: 20.08:Extract Fans | J6: ISS Tech Services | K6: BEL | L6: 6 | M6: 960
A7: 14.24:Underfloor Water Detection System | B7: DUB TECH | C7: BEL | D7: 6 | E7: 960 | I7: 54.03:Split Systems / Heatpumps | J7: ISS Tech Services | K7: BEL | L7: 6 | M7: 960
A8: 14.15:Inverters / Speed Controllers | B8: GLOBOSERV | C8: BEL | D8: 12 | E8: 240 | I8: 54.03:Condensers Air Cooled | J8: ISS Tech Services | K8: BEL | L8: 6 | M8: 240
A9: 03.01:Air Handling Units | B9: GLOBOSERV | C9: BEL | D9: 6 | E9: 2400 | I9: 95.12:Water Heaters Packaged Electric | J9: ISS Tech Services | K9: BEL | L9: 12 | M9: 120
A10: 54.03:Split Systems / Heatpumps 001 | B10: GLOBOSERV | C10: BEL | D10: 6 | E10: 2400 | I10: 88.50:Walls and partitions Incl Sliding / Mobile | K10: Masterchoice | L10: 12 | M10: 3312
A11: 54.03:Condensers Air Cooled | B11: GLOBOSERV | C11: BEL | D11: 6 | E11: 13200 | I11: 95.12:Zip Drinking Water Boiler | K11: ZIP | M11: Removed
A12: 54.03:Condensate Pump | B12: GLOBOSERV | C12: BEL | D12: 6 | E12: 0 | I12: BMS | K12: Ashdown | M12: 750
A13: 32.07:Calorifier Hot Water Supply | B13: DGM | C13: BEL | D13: 6 | E13: 960 | I13: Access Control | K13: NA | M13: Removed
A14: 95.12:Water Heaters Packaged Electric | B14: DUB TECH | C14: BEL | D14: 12 | E14: 300 | I14: Hot & Cold Water Services | K14: ESI | M14: 2100
A15: 29.03:Plate Recuperator | B15: GLOBOSERV | C15: BEL | D15: 6 | E15: 240 | I15: Leak Detection System | K15: G4S | M15: 634
A16: 54.03:Split Systems / Heatpumps 002 | B16: GLOBOSERV | C16: BEL | D16: 6 | E16: 1560 | I16: Fire Doors | K16: BEL | M16: 520
A17: 54.03:Split Systems / Heatpumps 003 | B17: GLOBOSERV | C17: BEL | D17: 6 | E17: 1560 | I17: Emergency Light | K17: BEL | L17: 3 | M17: Removed
A18: 37.01:Emergency Lighting | B18: ISS TECH SERVICES | C18: BEL | D18: 3 | E18: 1920 | I18: Ducting including Fire Dampers | K18: NA | M18: Not included
A19: 14.22:Distribution Boards (DB's) SB | B19: ISS TECH SERVICES | C19: BEL | D19: 12 | E19: 360 | I19: Fan Coils | K19: BEL | L19: 6 | M19: 3060
A20: 14.22:Control Panels(Electrical Services) SB | B20: ISS TECH SERVICES | C20: BEL | D20: 12 | E20: 960 | I20: Fire Extinguisher, Foam | K20: G4S | M20: 585
A21: 03.01:Air Handling Units SB | B21: GLOBOSERV | C21: BEL | D21: 6 | E21: 1440 | I21: Fire Extinguishers CO2 | K21: G4S
A22: 54.03:Split Systems / Heatpumps SB | B22: GLOBOSERV | C22: BEL | D22: 6 | E22: 0 | I22: Total | M22: =SUM(M5:M21) -> 13241
A23: 54.03:Condensers Air Cooled SB | B23: GLOBOSERV | C23: BEL | D23: 6 | E23: 480
A24: 45.01:Circulating Pump SB | B24: DGM | C24: BEL | D24: 6 | E24: 480 | I24: Galway
A25: 32.12:Expansion Vessels SB | B25: DGM | C25: BEL | D25: 6 | E25: 480
A26: 56.02:Tanks CWS SB | B26: HBE | C26: BEL | D26: 12 | E26: 120 | I26: Service | J26: Current Supplier | K26: New Supplier | L26: Visit Frequency | M26: Costs
A27: 95.12:Water Heaters Packaged Electric SB | B27: ISS TECH SERVICES | C27: BEL | D27: 12 | E27: 120 | I27: 14.22:Distribution Boards (DB's) | J27: ISS Tech Services | K27: BEL | L27: 12 | M27: Removed
A28: 51.01:Showers SB | B28: ISS TECH SERVICES | C28: BEL | D28: 3 | E28: 1200 | I28: 54.03:Split Systems / Heatpumps | J28: ISS Tech Services | K28: BEL | L28: 6 | M28: 1680
A29: 05.23:Boiler SB | B29: DGM | C29: BEL | D29: 6 | E29: 960 | I29: 54.03:Condensers Air Cooled | J29: ISS Tech Services | K29: BEL | L29: 6
A30: 22.01:Fire Alarm System | B30: FSI | C30: Good Fire & Safety | D30: 3 | E30: 2300 | I30: Zip:Drinking Water Boiler:1st Floor | K30: Zip | L30: 12 | M30: Removed
A31: 23.13:Fire Extinguishers Water | B31: AMBER FIRE | C31: G4S | D31: 12 | E31: 2551 | I31: Valves & Pipework - CWS & HWS | K31: BEL | L31: 12 | M31: 480
A32: 87.06:Fire Blankets | B32: FSI | C32: G4S | D32: 12 | I32: Heat Recovery Unit | K32: BEL | L32: 6 | M32: 480
A33: 23.16:Kitchen Hood Fire Suppression | B33: AMBER FIRE | C33: G4S | D33: 6 | E33: 1799 | I33: Emergency Light | K33: BEL | L33: 3 | M33: Removed
A34: 71.06:Grease / Oil Separators (Greasheild) | B34: DRAIN DOCTOR | C34: FM environmental | D34: 3 | E34: 1456 | I34: Fire Doors | K34: BEL | L34: 12 | M34: 520
A35: 20.08:Extract Fans (cleaning) | B35: ENVRO HYGIENE | C35: Airways | D35: 6 | E35: 2125 | I35: Hot & Cold Water Services | K35: ESI | M35: 1200
A36: 06.05:BMS Outstations | B36: ASHDOWN CONTROLS | C36: Ashdown Controls | D36: 6 | E36: 1500 | I36: Security Access System | K36: NA | M36: Removed
A37: 14.19:Access Systems (Door Access Control) | B37: M&J Electronics | C37: NA | D37: 6 | E37: Removed | I37: Access System | K37: NA | M37: Removed
A38: 95.12:Drinking Water Boiler | B38: ZIP TAP | C38: NA | D38: 6 | E38: Removed | I38: CCTV | K38: NA | M38: Removed
A39: 88.50:Walls and Partitions | B39: Masters Choice | C39: Master Choice | D39: 12 | E39: 3312 | I39: Water Filter | K39: BEL | M39: 550
A40: 65.10:Water Treatment Chemical Dosing SB | B40: HBE | C40: ESI | D40: 12 | E40: 3500 | I40: Fire Extinguisher, CO2 | K40: G4S | M40: 288
A41: 95.12:Drinking Water Boiler | B41: ZIP TAP | C41: NA | D41: 6 | E41: Removed | I41: Fire Extinguisher, Foam | K41: G4S
A42: 14.20:Emergency Assistance Alarms/leak detection SB | B42: ISS TECH SERVICES | C42: Good Fire & Safety | D42: 12 | E42: 480 | I42: Extractor (not duct cleaning) | K42: BEL | M42: 480
A43: 22.01:Fire Alarm System (Station House) | B43: FSI | C43: G4S | D43: 3 | E43: 936 | I43: Total | M43: =SUM(M27:M42) -> 5678
A44: 23.13:Fire Extinguishers Water (Station House) | B44: AMBER FIRE | C44: G4S | D44: 1 | E44: 490
A45: 18.02:Hair Dryer | B45: ISS TECH SERVICES | C45: BEL | D45: 3 | E45: 480
A47: General Operative 1 day a week | C47: BEL | D47: 48 (Days) | E47: 21120
A49: Total | E49: =SUM(E5:E47) -> 78649
I50: Limerick
A51: Waterford
I52: Service | J52: Current Supplier | K52: New Supplier | L52: Visit Frequency | M52: Costs
A53: Service | B53: Current Supplier | C53: New Supplier | D53: Visit Frequency | E53: Costs | I53: 54.03:Split Systems / Heatpumps | J53: ISS Tech Services | K53: BEL | L53: 6 | M53: 960
A54: 54.03:Split Systems / Heatpumps | B54: ISS Tech Services | C54: BEL | D54: 6 | E54: 960 | I54: 95.12:Water Heaters Packaged Electric | J54: ISS Tech Services | K54: BEL | L54: 6 | M54: 600
A55: 54.03:Condensers Air Cooled | B55: ISS Tech Services | C55: BEL | D55: 6 | I55: 54.03:VRV System | K55: BEL | L55: 6 | M55: 4320
A56: 95.12:Water Heaters Packaged Electric | B56: ISS Tech Services | C56: BEL | D56: 12 | E56: 480 | I56: 28.01:Heat Emitters (electric heaters) | K56: BEL | L56: 6 | M56: 480
A57: 95.12:Zip Drinking Water Boiler | C57: ZIP | E57: Removed | I57: 45.12:Booster Sets CWS | K57: BEL | L57: 6 | M57: 480
A58: Fire Doors | C58: BEL | D58: 1 | E58: 480 | I58: 95.12:Water Heaters Packaged Electric | K58: BEL | L58: 6 | M58: 480
A59: Hot & Cold Water Services | C59: ESI | D59: 2 | E59: 1400 | I59: Grilles & Diffusers | K59: BEL | L59: 6 | M59: 480
A60: Main Incoming Switch Panel | C60: BEL | E60: Removed | I60: Bus bar | K60: BEL | L60: 12 | M60: Removed
A61: PIR Occupancy Lighting Sensors | C61: BEL | E61: Removed | I61: AC Condenser Comms Rom | K61: BEL | L61: 6 | M61: 480
A62: Emergency Light | C62: BEL | I62: AC Condensate Pump | K62: BEL | L62: 6
A63: CCTV System | E63: Removed | I63: Heat Recovery Unit | K63: BEL | L63: 6 | M63: 480
A64: Emergency Alarm System | C64: BEL | E64: 480 | I64: Main Electric Distribution Panel | K64: BEL | L64: 12 | M64: Removed
A65: Emergency Alarm System | C65: BEL | I65: Water Tanks | K65: ESI | L65: 1 | M65: 2780
A66: Fire Extinguisher, CO2 | C66: G4S | E66: 420 | I66: Valves & Pipework - CWS & HWS | K66: BEL | L66: 12 | M66: 480
A67: Fire Extinguisher, Foam | C67: G4S | I67: Thermal Insulation | K67: BEL | L67: 12
A68: Fire Blanket | C68: G4S | I68: Fire Doors | K68: BEL | L68: 12 | M68: 480
A69: Leak Detection | C69: G4S | E69: 634 | I69: Toilet Extractor | K69: BEL | L69: 6 | M69: 480
A70: Zip:Drinking Water Boiler:1st Canteen | E70: Removed | I70: Shower, Electric | K70: BEL
A71: Access Control System | E71: Removed | I71: Emergency Light | K71: BEL | L71: 3 | M71: Removed
A72: Total | E72: =SUM(E54:E71) -> 4854 | I72: Emergency Light | K72: BEL | L72: 3
I73: PIR Occupancy Lighting Sensors | K73: NA | L73: 1
I74: Inter Com | K74: NA | L74: 1 | M74: Removed
I75: Leak Detection | K75: G4S | L75: 6 | M75: 634
I76: Fire / Smoke Dampers | K76: NA | L76: 1 | M76: Removed
I77: CCTV System and Cameras | K77: NA | L77: 1 | M77: Removed
I78: Intruder Alarm | K78: NA | L78: 1 | M78: Removed
I79: 22.01:Fire Alarm System | J79: G4S Fire | K79: G4S | L79: 4 | M79: 1911
I80: 14.19:Access Systems (Door Access Control) | J80: Q3 | L80: 2 | M80: Removed
I81: 95.12:Drinking Water Boiler | J81: ZIP TAP | L81: 2 | M81: Removed
I82: Access Systems (Door Access Control) | L82: 2 | M82: Removed
I83: Emergency Assistance Alarm | L83: 1 | M83: Removed
I84: Hot & Cold Water Services | K84: BEL | L84: 1 | M84: 1200
I85: Fire Extinguisher, CO2 | K85: G4S | L85: 1 | M85: 390
I86: Fire Extinguisher, Foam | K86: G4S | L86: 1
I87: Fire Blanket | L87: 1
I88: Lift | L88: 1 | M88: Removed
I89: Total | M89: =SUM(M53:M88) -> 17115

Sheet Costing CCN 2025 Service Stream
A1: Costing Service Stream | B1: SubCategory | C1: Description | D1: Supplier | E1: Managed By | F1: Cost 2024 | G1: Cost 2025
A3: WS1 | F3: 281,
A4: WS2 | B4: Cleaning Services | C4: Cleaning Staff / Deep Cleans and Periodic Cleans including waste management services | D4: ISS | E4: ISS | F4: 441315.2
A6: WS3 | B6: Food Services | C6: Applied to Labour Only. Hopitality and Free Issues are adhoc | D6: ISS | E6: ISS | F6: 281792.32
A7: WS4 | B7: Office Services | C7: Staffing Costs for Dublin and Regional WPC Team | D7: ISS | E7: ISS | F7: 540411.66
A8: WS5 | B8: Security Services | C8: Including Manguarding, CCTV, Access Control, Patrol/Response and Intruder Alarm
A9: WPM | B9: Management Services | C9: WPM, Account Management (IT, H&S, KAM, Burden) | D9: ISS | E9: ISS | F9: 126854.97
